model,accuracy,precision,recall,f1
LogisticRegression,0.7873483801627514,0.6133828996282528,0.3156887755102041,0.4168421052631579
DecisionTree,0.8050053738676494,0.593125,0.6052295918367347,0.5991161616161617
RandomForest,0.8558268079226163,0.7355805243445693,0.6262755102040817,0.6765415087840165
GradientBoosting,0.8704130201136189,0.7863924050632911,0.6339285714285714,0.7019774011299436
AdaBoost,0.855980346998311,0.7480314960629921,0.6058673469387755,0.6694855532064834
