model,accuracy,precision,recall,f1
LogisticRegression,0.855980346998311,0.7397260273972602,0.6198979591836735,0.6745315752949341
DecisionTree,0.8129894058037771,0.606318347509113,0.6364795918367347,0.6210329807093964
RandomForest,0.8572086596038692,0.7335285505124451,0.639030612244898,0.6830265848670757
GradientBoosting,0.8727161062490404,0.7888975762314308,0.6434948979591837,0.7088162978573938
AdaBoost,0.8588975894365116,0.7598078462770216,0.6052295918367347,0.6737664181753639
