Run,Val_Accuracy,Val_Loss
1,0.09220000356435776,3.962587594985962
2,0.10040000081062317,4.077905654907227
3,0.0989999994635582,3.1535847187042236
-,0.09720000127951305,3.731359322865804
