run,train_acc,train_loss,val_acc,val_loss
1.0,0.8187999725341797,0.4770981967449188,0.37380000948905945,7.740256309509277
2.0,0.7911999821662903,0.5366129875183105,0.3668000102043152,7.765560150146484
3.0,0.7871000170707703,0.5559269785881042,0.367900013923645,8.472381591796875
2.0,0.7990333239237467,0.5232127209504446,0.3695000112056732,7.992732683817546
