Run,Val_Accuracy,Val_Loss
1,0.0,12.285771369934082
2,0.0,11.142704010009766
3,0.0,11.597685813903809
-,0.0,11.675387064615885
