{"mse": 359150.96000226634, "n_train": 40000, "mse_full": 113668.59623604729}