{"mae": 3.503786744411815, "n_train": 40000, "n_test": 10000, "mae_full": 3.5053410933606113}